<mxGraphModel dx="800" dy="800" scale="1" grid="1" guides="1" tooltips="1" connect="1" fold="1" page="1" pageScale="1" pageWidth="826" pageHeight="1169" style="default-style2"><root><mxCell id="0"/><mxCell id="1" parent="0"/><mxCell id="6" value="phpDocumentor\Plugin\Scrybe\TableOfContents" style="swimlane" vertex="1" parent="1"><mxGeometry x="10" y="10" width="650" height="380" as="geometry"/></mxCell><mxCell id="2" value="&lt;p style=&quot;margin: 0px; margin-top: 4px; text-align: center;&quot;&gt;&lt;strong&gt;TableOfContents&lt;/strong&gt;&lt;/p&gt;&lt;hr /&gt;&lt;p style=&quot;margin: 0px; margin-left: 4px;&quot;&gt;# modules: Module[]&lt;/p&gt;&lt;hr /&gt;&lt;p style=&quot;margin: 0px; margin-left: 4px;&quot;&gt;&lt;span style=&quot;font-size: 11.999999999999998px;&quot;&gt;+ getModules(): Module[]&lt;/span&gt;&lt;/p&gt;" style="verticalAlign=top;align=left;overflow=fill;fontSize=12;fontFamily=Helvetica;html=1" vertex="1" parent="6"><mxGeometry x="30" y="39.99999999999999" width="160" height="95" as="geometry"/></mxCell><mxCell id="3" value="&lt;p style=&quot;margin: 0px; margin-top: 4px; text-align: center;&quot;&gt;&lt;strong&gt;File&lt;/strong&gt;&lt;/p&gt;&lt;hr /&gt;&lt;p style=&quot;margin: 0px; margin-left: 4px;&quot;&gt;# filename: string&lt;/p&gt;&lt;hr /&gt;&lt;p style=&quot;margin: 0px; margin-left: 4px;&quot;&gt;+ getFilename(): string&lt;/p&gt;" style="verticalAlign=top;align=left;overflow=fill;fontSize=12;fontFamily=Helvetica;html=1" vertex="1" parent="6"><mxGeometry x="240" y="255" width="160" height="90" as="geometry"/></mxCell><mxCell id="8" value="1" style="endArrow=open;endSize=12;startArrow=diamondThin;startSize=14;startFill=0;edgeStyle=orthogonalEdgeStyle;align=left;verticalAlign=bottom;exitX=1;exitY=0.5;entryX=0;entryY=0.5" edge="1" parent="6" source="16" target="3"><mxGeometry x="-0.692579924295425" relative="1" as="geometry"><mxPoint x="210" y="80" as="sourcePoint"/><mxPoint x="240" y="252.5" as="targetPoint"/><mxPoint as="offset"/></mxGeometry></mxCell><mxCell id="9" value="&lt;p style=&quot;margin: 0px; margin-top: 4px; text-align: center;&quot;&gt;&lt;strong&gt;Heading&lt;/strong&gt;&lt;/p&gt;" style="verticalAlign=top;align=left;overflow=fill;fontSize=12;fontFamily=Helvetica;html=1" vertex="1" parent="6"><mxGeometry x="450" y="255" width="160" height="90" as="geometry"/></mxCell><mxCell id="11" value="&lt;p style=&quot;margin: 0px; margin-top: 4px; text-align: center;&quot;&gt;&lt;strong&gt;BaseEntry&lt;/strong&gt;&lt;/p&gt;&lt;hr /&gt;&lt;p style=&quot;margin: 0px; margin-left: 4px;&quot;&gt;+ parent: BaseEntry&lt;/p&gt;&lt;p style=&quot;margin: 0px; margin-left: 4px;&quot;&gt;# children: BaseEntry[]&lt;/p&gt;&lt;p style=&quot;margin: 0px; margin-left: 4px;&quot;&gt;# name: string&lt;/p&gt;&lt;hr /&gt;&lt;p style=&quot;margin: 0px; margin-left: 4px;&quot;&gt;+ getParent(): BaseEntry&lt;/p&gt;&lt;p style=&quot;margin: 0px; margin-left: 4px;&quot;&gt;+ getChildren(): BaseEntry[]&lt;/p&gt;&lt;p style=&quot;margin: 0px; margin-left: 4px;&quot;&gt;+ getName(): string&lt;/p&gt;" style="verticalAlign=top;align=left;overflow=fill;fontSize=12;fontFamily=Helvetica;html=1" vertex="1" parent="6"><mxGeometry x="340" y="40" width="160" height="150" as="geometry"/></mxCell><mxCell id="12" value="Extends" style="endArrow=block;endSize=16;endFill=0;dashed=1;exitX=0.5;exitY=0;edgeStyle=orthogonalEdgeStyle" edge="1" parent="6" source="3" target="11"><mxGeometry as="geometry"><mxPoint as="sourcePoint"/><mxPoint x="160" as="targetPoint"/></mxGeometry></mxCell><mxCell id="13" value="Extends" style="endArrow=block;endSize=16;endFill=0;dashed=1;exitX=0.5;exitY=0;edgeStyle=orthogonalEdgeStyle" edge="1" parent="6" source="9" target="11"><mxGeometry as="geometry"><mxPoint as="sourcePoint"/><mxPoint x="160" as="targetPoint"/></mxGeometry></mxCell><mxCell id="16" value="&lt;p style=&quot;margin: 0px; margin-top: 4px; text-align: center;&quot;&gt;&lt;strong&gt;Module&lt;/strong&gt;&lt;/p&gt;&lt;hr /&gt;&lt;p style=&quot;margin: 0px; margin-left: 4px;&quot;&gt;+ files: File[]&lt;/p&gt;&lt;hr /&gt;&lt;p style=&quot;margin: 0px; margin-left: 4px;&quot;&gt;+ getFiles(): File[]&lt;/p&gt;&lt;p style=&quot;margin: 0px; margin-left: 4px;&quot;&gt;+ getRoot(): File&lt;/p&gt;" style="verticalAlign=top;align=left;overflow=fill;fontSize=12;fontFamily=Helvetica;html=1" vertex="1" parent="6"><mxGeometry x="29.999999999999986" y="249.99999999999994" width="160" height="100" as="geometry"/></mxCell><mxCell id="18" value="1" style="endArrow=open;endSize=12;startArrow=diamondThin;startSize=14;startFill=0;edgeStyle=orthogonalEdgeStyle;align=left;verticalAlign=bottom;exitX=0.5;exitY=1;entryX=0.5;entryY=0" edge="1" parent="6" source="2" target="16"><mxGeometry x="-1" relative="1" as="geometry"><mxPoint x="20" as="sourcePoint"/><mxPoint x="180" as="targetPoint"/></mxGeometry></mxCell></root></mxGraphModel>
